nama produk,harga,toko,lokasi,banyaknya terjual,rating
"[HARGA SPESIAL] Paket BM 3: 1 Seblak + 1 Cuankie + 1 Basreng Bebas Pilih Rasa | Original, Rendang, Kare, Ayam Bawang, Limau, Pedas",52000,Rasa Juara Indonesia,Kab. Bandung,50,5.0
Buku Komik Next G vol. 664: Tragedi Seblak | Muffin Graphics,34320,Mizanstore.id,Depok,50,4.9
Paket 2 Seblak Rangu + 2 Pangsit Rangu Nyai Mercon Makanan Instan,95060,NYAI MERCON,Kab. Garut,1000,4.9
"SERBA RANGU NYAI MERCON (DACI, CIPAK, PANGSIT RANGU, SEBLAK)",90160,NYAI MERCON,Kab. Garut,10000,4.9
PAKET BUNDLING TERCIKRUH (SEBLAK RANGU + CIPAK RANGU),42630,NYAI MERCON,Kab. Garut,1000,4.9
Nyai Mercon - Mie Pangsit Kuah Seblak Makanan Instan,27685,NYAI MERCON,Kab. Garut,1000,4.8
[FREE Keripik Pangsit] Paket 2 Mie Pangsit Kuah Seblak Nyai Mercon Makanan Instan,62230,NYAI MERCON,Kab. Garut,100,4.8
PAKET HEMAT NYAI MERCON ( PANGSIT RANGU + SEBLAK RANGU),47530,NYAI MERCON,Kab. Garut,4000,4.8
"[HARGA SPESIAL] Paket BM 1: 2 Seblak + 1 Cuankie Juara Bebas Pilih Rasa | Original, Rendang, Kare, Ayam Bawang, Limau, Pedas",61000,Rasa Juara Indonesia,Kab. Bandung,70,4.8
"Paket Semua Rasa Pangsit (Pangsit Rangu, Pangsit Keju, Pangsit Ori, Pangsit Soun Keju , Pangsit Kuah Seblak ) Nyai Mercon Makanan Instan",135232,NYAI MERCON,Kab. Garut,10000,4.7
"Rasa Juara Praktis 1 Pcs (Seblak, Cuankie, Batagor Kuah)",15000,Rasa Juara Indonesia,Kab. Bandung,250,4.7
SUBRON Panci Masak Paket 8IN1 14CM 17CM 6pcs Sendok Stainless Tebal Panas Merata Tahan Lama Murah Multifungsi Masak Seafood Mie Instan Saus Capcay Oatmeal Sarden Seblak Rebus,65000,SUBRON KITCHENWARE,Kab. Bandung,26,4.7
SEBLAK COET + PANGSIT RANGU,42630,NYAI MERCON,Kab. Garut,1000,4.7
Nyai Mercon - Seblak Coet,16905,NYAI MERCON,Kab. Garut,1000,4.6
PAKET COMBO SEBLAK NYAI MERCON (SEBLAK RANGU + SEBLAK COET),38710,NYAI MERCON,Kab. Garut,500,4.5
"[HARGA SPESIAL] Paket BM 2: 2 Cuankie + 1 Seblak Juara Bebas Pilih Rasa | Original, Rendang, Kare, Ayam Bawang, Limau, Pedas",61000,Rasa Juara Indonesia,Kab. Bandung,60,4.3
SUBRON Panci Ramyun Stainless 14CM 17CM Estetik Tebal Anti Karat Cepat Panas Multifungsi Masak Rebus Pasta Seblak Siomay Dimsum Odeng Kimchi Dumpling Telur Seafood Rabokki Hotpot Serbaguna,37500,SUBRON KITCHENWARE,Kab. Bandung,100,4.1
SUBRON Panci Mini Stainless Steel 14CM 17Cm Gagang Kayu Tahan Panas Kokoh Anti Karat Serbaguna Wadah Makanan Mangkok Mie Kuah Seblak Suki Ramen Hotpot Snack Kentang Goreng Cemilan,37500,SUBRON KITCHENWARE,Kab. Bandung,19,4.0
Seblak Kuah Instan Ibro Bandung,28600,Pisang Goreng Madu Bu Nanik,Jakarta Barat,250,5.0
CAP IBU Bumbu Seblak Bandung - Bumbu Masak Instan Premium,43000,Cap Ibu Shop,Jakarta Timur,250,5.0
Kylafood Seblak Rempah autentik 1 dus (24 pcs),288960,Kylafood,Bandung,40,5.0
Seblak Krupuk Kering (Sebring) Pedas 1 Kg (kukarasa snack),49999,KUKARASA SNACK,Kab. Tasikmalaya,13,5.0
(250 gram) Bumbu Tabur Premium Bubuk Tabur Keripik Tahu Kentang Seblak Makaroni Ayam Penyedap Rasa,58900,Mamacia Treats,Surabaya,22,5.0
Cuanki instan by khalisa food paket ecer pedas ayam kuah  seblak,15000,Khalisa Food Official,Kab. Garut,5,5.0
INDOMIE MI INSTANT RASA SEBLAK HOT JELET,3090,Hypermart Madiun,Madiun,60,5.0
INDOMIE MI INSTANT RASA SEBLAK HOT JELET,3410,Hypermart Cilegon,Cilegon,100,5.0
10 Pcs Indomie Bundle Soup - Soto Mie 70 Gr & Seblak Hot Jeletot 75 Gr.,40300,Indomie Official Store,Jakarta Timur,250,5.0
INDOMIE MI INSTANT RASA SEBLAK HOT JELET,3520,Hypermart Tanjung Pinang,Tanjung Pinang,70,5.0
5 PCS - Indomie HypeAbis Rasa Seblak Hot Jeletot 75 Gr,21101,Rumah Indofood,Jakarta Timur,30,5.0
10 Pcs Indomie Bundle Soup - Soto Mie 70 Gr & Seblak Hot Jeletot 75 Gr.,42201,Rumah Indofood,Jakarta Timur,18,5.0
INDOMIE MI INSTANT RASA SEBLAK HOT JELET,3520,Hypermart Jambi,Jambi,50,5.0
Mie Seblak Geprek Sami Raos,39000,Kartika Sari Bakery,Bandung,100,5.0
10 PCS - Indomie HypeAbis Rasa Seblak Hot Jeletot 75 Gr,42201,Rumah Indofood,Jakarta Timur,23,5.0
INDOMIE MI INSTANT RASA SEBLAK HOT JELET,3520,Hypermart Bangka,Pangkal Pinang,11,5.0
Kylafood Paket Seblak Cup isi 8 pcs Makanan Instan Pedas,122320,Kylafood,Bandung,250,4.9
Kylafood Paket 2 Seblak Cup + 2 Seblak Rempah + Basreng Pedas + Basreng Ori Daun Jeruk,86775,Kylafood,Bandung,30,4.9
100gr BUMBU MIE JEBEW / BUMBU BASO / BUMBU SEBLAK da’seuhah By FAHDA FOOD free atom bulan,14999,FAHDA FOOD,Kab. Garut,1000,4.9
Kylafood Paket 4 Seblak Cup  + 1 Basreng pedas + 1 Seblak Autentik (Free),87560,Kylafood,Bandung,60,4.9
CTN - Indomie HypeAbis Rasa Seblak Hot Jeletot 75 Gr,161200,Indomie Official Store,Jakarta Timur,1000,4.9
CTN - Indomie HypeAbis Rasa Seblak Hot Jeletot 75 Gr,168801,Rumah Indofood,Jakarta Timur,90,4.9
Indomie Hypeabis Seblak Hot Jeletot 75 Gr,4221,Rumah Indofood,Jakarta Timur,3000,4.9
Kylafood Paket 2 Seblak Cup + 4 Seblak Autentik Instan Pedas,79112,Kylafood,Bandung,100,4.9
5 PCS - Indomie HypeAbis Rasa Seblak Hot Jeletot 75 Gr,20150,Indomie Official Store,Jakarta Timur,3000,4.9
PROMO 3 PCS SEBLAK JUARA SEMUA VARIAN HARGA SPESIAL Food Pedas,62000,Rasa Juara Indonesia,Kab. Bandung,1000,4.9
[BISA COD] Nyai Mercon Kerupuk Seblak Mawar Chili Oil 60 gram Makanan Kemasan Praktis,14000,NYAI MERCON,Kab. Garut,250,4.9
10 PCS - Indomie HypeAbis Rasa Seblak Hot Jeletot 75 Gr,40300,Indomie Official Store,Jakarta Timur,7000,4.8
SEBLAK BETON CHILLI OIL MIX 250gram,15000,FAHDA FOOD,Kab. Garut,100,4.8
Bumbu Tabur Premium Bubuk Tabur Keripik Tahu Kentang Seblak Makaroni Ayam Penyedap Rasa 50gram,8250,Mamacia Treats,Surabaya,100,4.8
PAKET RESELLER WELCOME Kylafood Paket Seblak Rempah Autentik 10 Pack,132900,Kylafood,Bandung,1000,4.8
Kylafood Seblak Rempah Autentik isi (5pcs),64300,Kylafood,Bandung,750,4.8
1KG SEBLAK KRUPUK RAFAEL VIRAL Kerupuk Pedas,13500,CEMILANKU KAYA BUMBU,Kab.Ciamis,250,4.8
STOK TERBATAS ! Kylafood Seblak Rempah Authentik Instan Kuah,13720,Kylafood,Bandung,100000,4.8
Kylafood Paket Seblak Cup isi 10 PCS Instan Pedas,149600,Kylafood,Bandung,250,4.8
Kylafood Paket isi 5 Seblak Rempah Autentik,62500,Kylafood,Bandung,10000,4.8
1KG KERUPUK SEBLAK JENGKOL PEDAS,60000,CEMILANKU KAYA BUMBU,Kab.Ciamis,80,4.8
SEBLAK TULANG RANGU NYAI MERCON MAKANAN INSTAN,21805,NYAI MERCON,Kab. Garut,9000,4.8
Seblak Juara - Seblak Instan Asli Bandung | Otentik & Higienis,19000,Rasa Juara Indonesia,Kab. Bandung,2000,4.8
500GR SEBLAK KRUPUK RAFAEL VIRAL,40000,CEMILANKU KAYA BUMBU,Kab.Ciamis,100,4.8
Kylafood Seblak Rempah Autentik isi (10pcs),128000,Kylafood,Bandung,250,4.8
Mama Fuji - SEBLAK INSTAN Food Noodles,31999,Mama Fuji Real,Tangerang,2000,4.8
